<?xml version="1.0" encoding="UTF-8"?>
<metadata xml:lang="en"><Esri><CreaDate>20130327</CreaDate><CreaTime>12165600</CreaTime><ArcGISFormat>1.0</ArcGISFormat><SyncOnce>TRUE</SyncOnce><DataProperties><lineage><Process ToolSource="c:\program files (x86)\arcgis\desktop10.1\ArcToolbox\Toolboxes\Data Management Tools.tbx\Append" Date="20130327" Time="121608">Append NYCHA_developments_July2011revised "NYCHA Developments" NO_TEST "DEVELOPMEN "DEVELOPMEN" true true false 100 Text 0 0 ,First,#,S:\GIS_Projects\NYC BigApps\Year2013\NYCHA_developments_July2011revised.shp,DEVELOPMEN,-1,-1;BOROUGH "BOROUGH" true true false 13 Text 0 0 ,First,#,S:\GIS_Projects\NYC BigApps\Year2013\NYCHA_developments_July2011revised.shp,BOROUGH,-1,-1;TDS_NUM "TDS_NUM" true true false 3 Text 0 0 ,First,#,S:\GIS_Projects\NYC BigApps\Year2013\NYCHA_developments_July2011revised.shp,TDS_NUM,-1,-1;NONRES_BLD "Number of Non-Residential Building" true true false 2 Short 0 0 ,First,#,S:\GIS_Projects\NYC BigApps\Year2013\NYCHA_developments_July2011revised.shp,NONRES_BLD,-1,-1;RES_BLDG "Number of Residential Building" true true false 2 Short 0 0 ,First,#,S:\GIS_Projects\NYC BigApps\Year2013\NYCHA_developments_July2011revised.shp,RES_BLDG,-1,-1;CUR_UNIT11 "Number of Units (2011)" true true false 2 Short 0 0 ,First,#,S:\GIS_Projects\NYC BigApps\Year2013\NYCHA_developments_July2011revised.shp,CUR_UNIT11,-1,-1;TOT_POP11 "Population (2011)" true true false 2 Short 0 0 ,First,#,S:\GIS_Projects\NYC BigApps\Year2013\NYCHA_developments_July2011revised.shp,TOT_POP11,-1,-1;SHAPE_Length "SHAPE_Length" false true true 8 Double 0 0 ,First,#;SHAPE_Area "SHAPE_Area" false true true 8 Double 0 0 ,First,#" #</Process></lineage></DataProperties></Esri></metadata>
